layer,security_purpose
Agent identity,Owner; purpose; version; environment; business criticality
Model layer,Provider; model; version; hosting mode; linked AI/ML-BOM
Prompt-policy layer,Prompt hashes; change control; trusted boundaries; injection mitigations
Tool layer,Tool source; protocol; descriptor; permissions; side effects; risk tier
Memory-data layer,RAG sources; data classification; retention; vector store; retrieval logging
Orchestration layer,Framework; max steps; code/browser/network access; sandboxing
Autonomy-authority layer,Autonomy level; maximum tool tier; approval gates; emergency stop
Inter-agent layer,Delegation; shared memory; trust domains; identity propagation
Audit layer,Prompt; tool-call; retrieval; approval; memory-write logs
Provenance,Generated by; commit hash; timestamp; signature; external BOM references
